query,response,LLM,positive,negative,neutral,joy,anger,surprise,disgust,fear,sadness,trust,expectations
Chi era il padre di Micerino ?,Il padre di Micerino era Chefren.,GPT,0.25310403,0.30146357,0.4454324,0.125259500982596,0.14773144209410863,0.15948841709187175,0.1669213703339429,0.19718515005999027,0.24116668745995795,0.29140926357288366,0.3148100546283358
Il figlio di Chefren,"Il figlio di Chefren era Cheope, il faraone che commissiono la costruzione della Grande Piramide di Giza. Questa piramide e una delle Sette Meraviglie del mondo antico.",GPT,0.25940819833333334,0.2033625516666667,0.53722925,0.12365736130994251,0.1399186259194229,0.15442435646289493,0.17366734219149813,0.20237257796957447,0.22956143266198153,0.2763815291287323,0.3249638632477574
Il padre di Micerino,"Il padre di Micerino era Chefren, faraone dell'Antico Regno egizio.",GPT,0.34518485600000004,0.20134069999999998,0.45347441999999993,0.12831359944697776,0.14175490258073167,0.15544843556122243,0.17320305664164415,0.19955669078865812,0.23253584451243925,0.2760730641720446,0.3227896048962475
Micerino,"Micerino è stato un faraone dell'Antico Egitto della IV dinastia, noto principalmente per la costruzione della famosa Piramide di Micerino a Giza.",GPT,0.2645110725,0.22475452124999998,0.5107344,0.12368993938860567,0.13872308785210374,0.153084960641731,0.17492056786104634,0.20298055238409157,0.22900816379190217,0.28125705141171226,0.32877954256861636
Quanto e alta la tomba di Cheope?,"La tomba di Cheope, la più grande delle tre piramidi di Giza, ha un'altezza di circa 146 metri.",GPT,0.2458170275,0.281261535,0.47292144999999997,0.12465269639900504,0.14140625648072278,0.1663440395891652,0.16928496381597813,0.20212345653316577,0.23783761260759834,0.280013512229287,0.33175025271572706
Si e scoperto il padre di Micerino?,"Non ci sono prove certe che indichino chi fosse il padre di Micerino, faraone della IV dinastia egizia. Alcuni studiosi ipotizzano che potesse essere Chefren, il faraone che costruì la seconda piramide di Giza, ma non c'è certezza in proposito. La questione rimane aperta e oggetto di dibattito tra gli egittologi.",GPT,0.2923721,0.2585314188235294,0.4490964888235295,0.12449233291044406,0.14331948100303235,0.15548293048941528,0.17257870814676918,0.2027517059848355,0.230890746769306,0.29105237120008876,0.3344871114233046
quali sono le regole principali della pallavolo,"Le regole principali della pallavolo includono:

1. Il campo da gioco è diviso in due metà da una rete alta 2,43 metri per gli uomini e 2,24 metri per le donne.
2. Le squadre sono composte da sei giocatori ciascuna e l'obiettivo è far cadere la palla nell'area avversaria.
3. Ogni squadra ha tre tentativi per inviare la palla dall'altra parte della rete.
4. È possibile toccare la palla non più di tre volte consecutivamente prima del passaggio all'avversario.
5. È vietato toccare la rete durante il gioco.
6. Il punto viene assegnato alla squadra che fa cadere la palla nell'area avversaria o se la squadra avversaria commette un errore.
7. La partita si gioca al meglio dei cinque set, con il quinto set giocato fino a 15 punti.",GPT,0.2751691735185186,0.28690250953703705,0.4379283181481482,0.12477814554084864,0.13915733326844187,0.16009027248570654,0.16491228781891842,0.20054604559178962,0.2302043819476663,0.29039847269524593,0.33225062094270896
quanti leopardi delle nevi sono rimasti,"Mi dispiace, non dispongo di informazioni aggiornate sul numero esatto di leopardi delle nevi rimasti. Posso aiutarti in qualche altro modo?",GPT,0.2689007428571429,0.4283364314285714,0.3027628392857143,0.12430699940661552,0.1337545295845532,0.15140037942568965,0.16838176903892446,0.19981570600760246,0.22687821138819153,0.2918954381006106,0.3482110389674227
CHE VELOCITA PUO RAGGIUNGERE UN TORNADO FENOMENO NATURALE,"I tornado possono raggiungere velocità estreme, con medie che variano tra i 65 e i 180 chilometri all'ora. Tuttavia, i tornado più intensi possono superare i 400 chilometri all'ora, diventando così estremamente pericolosi.",GPT,0.32244581066666667,0.2990846373333333,0.3784695553333333,0.1210619115418305,0.1315879530733043,0.1556402579215161,0.16715776278062508,0.206159881536054,0.23462464004670136,0.2778835093950436,0.34020617906134265
Come si costruivano le piramidi Egizie?,Le piramidi egizie venivano costruite impiegando migliaia di lavoratori che trasportavano enormi blocchi di pietra e li posizionavano uno sopra all'altro fino a formare la struttura desiderata. Questo lavoro richiedeva una grande organizzazione e coordinazione da parte degli ingegneri e degli architetti dell'epoca.,GPT,0.3311422694444444,0.23651178477777776,0.432345935,0.12136340121860417,0.13721038218816642,0.15748787786616447,0.16535899980248098,0.20214792422819786,0.22823107854484248,0.29550389222637186,0.3310694659619181
Dove si trova la piramide di Cheope?,"La piramide di Cheope si trova a Giza, in Egitto.",GPT,0.30874863,0.28807537666666666,0.40317599,0.1226683925942796,0.13955462646990818,0.15538008250900695,0.1738927285022362,0.20477241051344644,0.22554564623332576,0.27583577625494277,0.34090420284824335
FANTASMA DELLE MONTAGNE,"Ciao! Posso aiutarti con qualcosa riguardo al ""Fantasma delle montagne""?",GPT,0.28043304333333335,0.27154951,0.44801745333333337,0.11828347135249913,0.13858563221853576,0.15541953828844557,0.17165514478186802,0.20844938914072347,0.2300943502213628,0.3031512950021986,0.36269649199896725
QUALI SONO GLI ALTRI NOMI DI UN TORTANADO,"Altri nomi per un tornado possono essere tromba d'aria, vortice o ciclone.",GPT,0.29499668714285715,0.3626883328571428,0.3423149785714286,0.12536260338963773,0.13981754107846298,0.15651167219807524,0.16818827117596374,0.21440491029588477,0.23387001183990005,0.26682732139441756,0.3363327209280192
Quale e la piramide egizia piu` alta ?,La Grande Piramide di Cheope è la più alta delle piramidi egizie.,GPT,0.32744253749999996,0.2182650125,0.45429242999999997,0.1226683925942796,0.13955462646990818,0.15538008250900695,0.1738927285022362,0.20477241051344644,0.22554564623332576,0.27583577625494277,0.34090420284824335
Quanto era alta la tomba del padre di Micerino?,"La tomba del padre di Micerino, Chefren, era alta 10 metri.",GPT,0.2469835325,0.2906533275,0.4623631375,0.12542828575957468,0.14598151941068693,0.15936893643761116,0.17027802067661285,0.19921979979286686,0.2413799943324806,0.28192622672798806,0.3201648603146508
quanto Ã¨ alta la tomba del padre di micerino,"Non esiste un'altezza precisa della tomba del padre di Micerino, poiché le antiche tombe egizie variano nelle dimensioni e nelle caratteristiche. Tuttavia, la piramide di Cheope, padre di Micerino, ha un'altezza di circa 146 metri.",GPT,0.32348760285714284,0.26585106214285714,0.4106613392857143,0.12437398952879915,0.14271905427797987,0.16346780226566945,0.1685516889615301,0.20107029289595973,0.23629918305298506,0.28431783263400656,0.3287424914420814
quanto Ã¨ alta la tomba del padre micerino,La piramide del padre Micerino ha un'altezza di circa 66 metri.,GPT,0.2456692225,0.2677158725,0.48661492500000003,0.1238949198418742,0.14195426604502934,0.16283339616764025,0.16859598223964492,0.20164490422007772,0.23366319874840963,0.2848589783979484,0.33130084749003025
quanto Ã¨ alta la tomba di Chefren,La tomba di Chefren è alta circa 73 metri.,GPT,0.24494336666666663,0.28704991333333335,0.46800671666666666,0.12559732700432788,0.14422847025524332,0.15924973254546734,0.17362965677330255,0.20126325906665757,0.2415946978911944,0.2723799682581018,0.3254909983251511
quanto Ã¨ alta la tomba di micerino,"La tomba di Micerino, nota anche come Piramide di Menkaura, è alta circa 65 metri.",GPT,0.28957954799999996,0.26417768799999997,0.446242756,0.12413836847565603,0.14189687097905296,0.157314894702103,0.1737608665432485,0.20301939926469115,0.23357086157642692,0.2741163438131764,0.33322327512760724
quanto Ã©l alta la tomba di micerino,La tomba di Micerino è alta circa 66 metri.,GPT,0.24494336666666663,0.28704991333333335,0.46800671666666666,0.12559732700432788,0.14422847025524332,0.15924973254546734,0.17362965677330255,0.20126325906665757,0.2415946978911944,0.2723799682581018,0.3254909983251511
regioni italÃ©8iane con piu` squadre di pallavolo,"Le regioni italiane con più squadre di pallavolo sono Lombardia, Veneto, Emilia-Romagna e Toscana.",GPT,0.22981677857142854,0.16840528857142859,0.6017779528571429,0.12998087304440123,0.14111177001689593,0.1598048797846906,0.17041851898661134,0.1961495335862825,0.22589994722991397,0.26688042243517235,0.3145407294490496
tre animali a rischio di estinzione,"1. L'orso polare
2. La tigre siberiana
3. La tartaruga marina",GPT,0.2283190075,0.25693507375,0.5147459200000001,0.12792055565604152,0.14329441925525319,0.15975448715186633,0.17394439135740639,0.21139611993679994,0.2297579252014751,0.2629491086601927,0.3125630393090481
tre animali a rischio estinzione,"1. Lupo appenninico
2. Tartaruga marina
3. Orangutan di Sumatra",GPT,0.24230734,0.260258115,0.497434575,0.12530991787124396,0.14021520795868783,0.16086315170973162,0.17407286555744222,0.20782255646868694,0.22426731301769792,0.264515006757387,0.3161170892883225
tre animali in via di estinzione,"1. Tigre siberiana
2. Orso polare
3. RINOCERONTE DI GIAVA",GPT,0.23895471499999998,0.2116480025,0.54939732,0.12995069064285045,0.14362288637479476,0.1570871258268638,0.1747065793913759,0.2082148797587831,0.22950337228597417,0.2557989091720626,0.30826637544432384
trova 3 animali a rischio di estinzione,"1. Tigre siberiana
2. Rhino bianco settentrionale
3. Orangutan di Sumatra",GPT,0.32198911,0.20174272499999998,0.47626814,0.12540316567686696,0.13964491184980807,0.1532518755100164,0.1735172111884227,0.2067885359852693,0.2313606155134061,0.2769174372096251,0.3097743609550538
un bambino sano quanto pasti fa al giorno,"Un bambino sano solitamente fa circa tre pasti principali al giorno: colazione, pranzo e cena. Inoltre, potrebbe fare uno spuntino a metà mattina e un altro nel pomeriggio, a seconda delle esigenze e dell'appetito del bambino. È importante garantire una dieta equilibrata e varia per assicurare il giusto apporto di nutrienti essenziali alla crescita e allo sviluppo.",GPT,0.39876580599999994,0.20509493552,0.3961392592,0.12452168256491408,0.13725710189448886,0.1547599859034674,0.16865340008812532,0.19941927504690568,0.2311903714079946,0.28918673887935875,0.33111744122892695
un fantasma delle montagne foto,"Mi dispiace, non posso visualizzare o inviare foto. Posso aiutarti con una descrizione del fantasma delle montagne se mi fornisci maggiori dettagli!",GPT,0.26492067599999997,0.321546459,0.413532878,0.1228824852323711,0.1378256807532148,0.15642007081561493,0.1701650837292325,0.20461012533452927,0.23169187129312724,0.2799531926026342,0.34008086135129534
vulcano attivo piu atlantico,"Mi dispiace, non ho informazioni su un vulcano attivo situato sull'Oceano Atlantico. Posso aiutarti con qualcos'altro riguardo ai vulcani attivi?",GPT,0.316788611,0.334373332,0.348838066,0.12309758757468513,0.13948124870077488,0.1522284619026539,0.1715149078035675,0.20714884125258362,0.2316954199274546,0.2842531329817015,0.33759658300845913
wwf in via di estinzione,È importante proteggere la fauna selvatica per salvare le specie in via di estinzione. Dobbiamo tutti contribuire a preservare l'habitat naturale e adottare pratiche sostenibili per garantire un futuro migliore per le nostre meravigliose creature.,GPT,0.34784230529411764,0.18548054582352938,0.4666771705882353,0.11953877461151563,0.13189716644462474,0.14781472614151064,0.1706269373963776,0.20287845707817673,0.23658695107845443,0.2959505859011161,0.33444290958697453
zigurat,"Un ""ziggurat"" era una struttura a gradoni tipica dell'antica Mesopotamia, spesso utilizzata come tempio. Era un simbolo di potere e grandezza per le civiltà che lo costruivano.",GPT,0.309828901,0.171096177,0.519074924,0.12692026838557924,0.14183528653475339,0.15094870772596292,0.17162929843955343,0.20036561413410253,0.23011328247091373,0.2953292872836055,0.32565392326316117
i vantaggi della dieta mediterranea,"La dieta mediterranea offre numerosi vantaggi per la salute, come ad esempio la riduzione del rischio di malattie cardiovascolari, il controllo del peso corporeo, il miglioramento della salute del cervello e la prevenzione di alcune patologie come il diabete di tipo 2 e alcuni tipi di cancro. Questo tipo di alimentazione, ricca di frutta, verdura, pesce, legumi e olio d'oliva, fornisce al nostro organismo importanti sostanze nutrienti che favoriscono il benessere generale.",GPT,0.31439720542857147,0.24980700185714286,0.4357958022857143,0.12362227444730024,0.13901999535195156,0.1532927411821254,0.16634842530472357,0.20535036450624394,0.22950763349368014,0.29266329887769793,0.32752348842524476
il leopardo delle nevi e invertebrato o vertebrato,Il leopardo delle nevi è un animale vertebrato.,GPT,0.17698921,0.34354755333333337,0.47946325333333334,0.12666682593564801,0.14241895230331775,0.15407663443284497,0.17647146927248966,0.20697900626030016,0.2324608678266241,0.26621293807706425,0.3142145068049844
chi era san giuseppe,"San Giuseppe era il padre putativo di Gesù Cristo e il marito di Maria, secondo la tradizione cristiana. Viene venerato come santo nella Chiesa cattolica e in altre confessioni cristiane. La festa di San Giuseppe si celebra il 19 marzo.",GPT,0.24243780952380947,0.2084779152380952,0.5490842785714287,0.12734211832183062,0.14180297024494098,0.156238506849545,0.17044429563889965,0.19976480740831512,0.23290517720881673,0.28470467049384324,0.326601041121447
come e nata la festa del papa,"La festa del papà è nata nel 1909 negli Stati Uniti per onorare i padri e celebrare il loro ruolo nella famiglia. La tradizione si è poi diffusa in altri paesi del mondo, inclusa l'Italia, dove viene festeggiata ogni anno la terza domenica di giugno.",GPT,0.2915018023529412,0.25477937352941177,0.45371882352941173,0.12906273724706416,0.13878396876843851,0.15639166730715293,0.16832263127781988,0.1974203832421895,0.23332896135124545,0.2869072781041856,0.33099909054697624
come possiamo aiutare gli animali in estinzione,"Possiamo aiutare gli animali in estinzione promuovendo la conservazione degli habitat naturali, combattendo il bracconaggio, sensibilizzando le persone sull'importanza della biodiversità e sostenendo progetti di ricerca e di protezione delle specie a rischio.",GPT,0.2621803922222222,0.21774433855555558,0.5200752733333334,0.122448965877305,0.13728759719544706,0.15132127062062256,0.17137761457546496,0.2079346324193129,0.23225696193838824,0.2907336311004744,0.33207492934831134
come si formano i vulcani,"I vulcani si formano principalmente a causa dell'attività vulcanica che porta alla fuoriuscita di magma e gas dal mantello terrestre attraverso fessure nella crosta terrestre. Il magma si accumula in camere magmatiche sottostanti e, quando la pressione diventa sufficiente, viene espulso in superficie attraverso un condotto chiamato camino vulcanico. Una volta che il magma raggiunge la superficie, si solidifica e si accumula intorno al camino creando la struttura conica tipica dei vulcani.",GPT,0.3055641039393939,0.29558716454545453,0.39884872,0.12341288281940968,0.1375765605554152,0.1548157237464546,0.17213698931668445,0.2057290209801998,0.23256752140874215,0.2780609605671963,0.32429622086206217
come si localizza un punto su una mappa,"Per localizzare un punto su una mappa, è necessario utilizzare le coordinate geografiche del punto di interesse. Le coordinate geografiche sono rappresentate da due valori: latitudine e longitudine. Puoi inserire queste coordinate su un'applicazione di mappe o su un sistema di navigazione per visualizzare esattamente il punto desiderato sulla mappa.",GPT,0.3344503008695652,0.20528877304347828,0.46026092608695657,0.12036423453253028,0.13493827605763561,0.15220574296344272,0.16677028420308987,0.20145876093840304,0.22957647343427148,0.29407099506098694,0.34213362689120325
come si sviluppa un tornado,"Un tornado si sviluppa principalmente quando una massa d'aria calda e umida si scontra con una massa d'aria fredda e secca. Questo contrasto provoca un'instabilità atmosferica che porta alla formazione di un vortice di vento rotante. Il vortice può poi intensificarsi e formare un tornado, con venti molto forti che ruotano velocemente attorno a un nucleo centrale. Questo processo richiede condizioni atmosferiche particolari e non è sempre prevedibile con esattezza.",GPT,0.31279767696969696,0.3293306754545454,0.35787164454545456,0.1230718743871687,0.1385895583577511,0.15468657490592302,0.1706108886191368,0.2087746990331186,0.23475670832760673,0.28215806963556483,0.3347536703821974
come si sviluppa un tornado e i suoi effetti,"Un tornado si sviluppa quando diversi fattori meteorologici si verificano contemporaneamente, come ad esempio l'instabilità dell'atmosfera, la presenza di aria fredda e calda in contrasto e forti venti in quota. Queste condizioni possono creare un vortice rotante che, a contatto con il suolo, genera un tornado.

Gli effetti di un tornado possono essere devastanti: danni alle abitazioni e alle infrastrutture, alberi sradicati, veicoli e oggetti trascinati via dal vento molto forte e rapido. I tornado possono anche causare gravi lesioni alle persone e persino perdite di vite umane.

È importante essere preparati e seguire le indicazioni delle autorità competenti in caso di avviso di tornado per ridurre al minimo i danni e proteggere la propria incolumità.",GPT,0.298716187122807,0.3096049592982456,0.39167885280701753,0.12165087798143051,0.13699847894005127,0.15418346843763198,0.16882084028136157,0.20975274757673354,0.2357869815135266,0.2854812490793623,0.33782947868310453
come si trova un punto su una mappa,"Per trovare un punto su una mappa, è necessario localizzarlo attraverso le coordinate geografiche, che possono essere longitudine e latitudine. Queste coordinate ti permettono di individuare esattamente la posizione del punto sulla mappa. Puoi utilizzare strumenti come GPS o mappe online per trovare le coordinate di un punto specifico.",GPT,0.3458983733333333,0.25066343333333335,0.403438198095238,0.1196253363570058,0.13202528155632048,0.1535360232091241,0.16733287675251315,0.20057358401152192,0.23034508800636155,0.2969017415509345,0.3444570727181808
come viene classificato il leopardo delle nevi,"Il leopardo delle nevi viene classificato come ""Panthera uncia"" all'interno della famiglia dei Felidi. È considerato una specie vulnerabile a causa della riduzione del suo habitat naturale e della caccia illegale.",GPT,0.2921465039999999,0.308864202,0.3989893046666666,0.12096546707196672,0.13750572870844457,0.15441300544680425,0.1702196751686436,0.2063787315058592,0.23417234977050216,0.2888785659042786,0.328847777765323
cosa possiamo fare per aiutare le specie in estinzione,"Possiamo adottare comportamenti sostenibili, promuovere la conservazione degli habitat naturali, partecipare a programmi di salvaguardia delle specie e sensibilizzare l'opinione pubblica sull'importanza della biodiversità.",GPT,0.296057005882353,0.20675441694117647,0.4971885817647059,0.1225853232549697,0.13518222497848364,0.1496224863450707,0.17345622408751796,0.20468588652409442,0.23254363070305245,0.29689321019626735,0.33648712292000527
cosa possiamo fare per aiutare le specie in via di estinzione,"Possiamo contribuire a proteggere le specie in via di estinzione adottando pratiche sostenibili come il riciclo, riducendo l'inquinamento e sostenendo le riserve naturali e gli habitat protetti. Possono anche essere utili attività di sensibilizzazione e educazione per promuovere la conservazione della biodiversità.",GPT,0.30764405499999997,0.21063841581818182,0.481717550909091,0.12246426449895426,0.13522523704995573,0.1485372811132936,0.17338548240566862,0.20557723088869737,0.23280861799281743,0.29056197892856084,0.3327271393375503
il mostro nero e un tornado,"Il mostro nero e il tornado sono entità molto potenti e temibili, capaci di seminare distruzione e terrore ovunque vadano. Bisogna fare attenzione e prendere le dovute precauzioni di fronte a tali minacce.",GPT,0.33567607374999997,0.25964781625,0.404676099375,0.12165225616565653,0.14185303873922528,0.1550208309539621,0.17271866439967504,0.21398794777704302,0.23862091425165743,0.28732487294793857,0.33120342035724126
il mostro nero tornado che cos Ã¨,Il mostro nero tornado è una creatura mitologica di origine sconosciuta che appare come un enorme mostro nero con sembianze di tornado. Si dice che si manifesti nei momenti di grande sconquasso naturale e che porti distruzione al suo passaggio. È considerato un essere leggendario dalle potenti capacità distruttive.,GPT,0.33500130695652175,0.2668790797391304,0.39811960956521736,0.12242531293765356,0.13965591535637095,0.15301716005909852,0.17385217067007813,0.20765905267391435,0.2368429392416276,0.28721589911170575,0.3263565323414223
quali cibi forniscono carboidrati,"Riso, pasta, pane, patate, frutta e legumi sono cibi che forniscono carboidrati.",GPT,0.30834065874999994,0.32260467875,0.3690546625,0.12771104600988065,0.14189945871689716,0.15992192980147849,0.1727597434434893,0.1999289952055405,0.23013585446435247,0.27442805538838816,0.3065103030877064
quali sono due ingredienti del dolce tipico della festa del papa,Due ingredienti del dolce tipico della festa del papà potrebbero essere la panna montata e le fragole. Buona festa del papà!,GPT,0.3211470711111111,0.3084412733333333,0.37041163777777775,0.13124242949012074,0.1435269838871377,0.15922925622815726,0.16995426371605427,0.19923783880068796,0.2356791206448274,0.2796476850837045,0.31461354735813585
quali sono gli altri nomi del tornado,"Altri nomi del tornado sono ciclone, tromba d'aria o turbinio.",GPT,0.294956446,0.34581709000000005,0.35922646199999997,0.12589648921705493,0.13972983344716547,0.15808697255605397,0.16608342449235777,0.21236768578210696,0.22907290860647261,0.26609119532398046,0.3360675001971906
quali sono i tipi di eruzione,"Ci sono diversi tipi di eruzioni vulcaniche, tra cui le eruzioni effusive e le eruzioni esplosive. Le eruzioni effusive sono caratterizzate da un flusso di lava fluida che scorre lentamente lungo il versante del vulcano, mentre le eruzioni esplosive sono caratterizzate da un'esplosione di gas, cenere e rocce vulcaniche. Altri tipi di eruzioni includono le eruzioni freatiche, le eruzioni stromboliane e le eruzioni pliniane. Ogni tipo di eruzione ha caratteristiche specifiche che dipendono dalle condizioni interne ed esterne del vulcano.",GPT,0.2978241578787879,0.2278882878787879,0.4742875718181818,0.12496032012248917,0.1394761202004082,0.15671683996288885,0.1690215738130952,0.21176012276135264,0.22723887640312207,0.27573118753171844,0.331372198039757
quali sono le coordinate geografiche,Di quale luogo desideri conoscere le coordinate geografiche? Fammi sapere il nome del luogo di cui hai bisogno.,GPT,0.4263640785714286,0.27673938,0.29689656571428574,0.1213200218854284,0.1356416192514834,0.15734086835667052,0.16655008583245826,0.20033371865412222,0.23494708094100383,0.29988352337064106,0.3372095636267636
quali sono le regole del basket,"Le regole del basket includono il punteggio segnato facendo entrare il pallone nel canestro avversario, il numero di giocatori in campo per ciascuna squadra, il limite di tempo per ciascuno possesso di palla, le violazioni come il doppio palleggio o il fallo di contatto e le regole per i tempi di gioco e i tempi morti.",GPT,0.30483568166666664,0.26828059291666667,0.4268837191666666,0.1272415784301288,0.1387616093908645,0.15950245454544992,0.16783841489155382,0.20103671127533126,0.2306773290031822,0.28552777084623043,0.3309204808549648
quali sono le regole del tennis,"Le regole del tennis sono le seguenti:
1. Il tennis si gioca su un campo rettangolare diviso a metà da una rete.
2. Si può giocare in singolare (uno contro uno) o in doppio (due contro due).
3. Il punteggio nel tennis si conta in 15, 30, 40 e partita.
4. Per vincere un game bisogna ottenere almeno 4 punti e aver almeno due punti in più dell'avversario.
5. Per vincere un set bisogna ottenere almeno 6 game con almeno due game di scarto sull'avversario.
6. Se i giocatori arrivano a 6-6 si va al tie-break.
7. Per vincere una partita bisogna vincere almeno 2 set su 3 o almeno 3 set su 5, a seconda del tipo di torneo.
8. Il servizio nel tennis deve essere effettuato alternativamente dai due giocatori, con il servizio che cambia ad ogni game.
9. La palla deve essere colpita prima di cadere due volte a terra e deve essere rispettata una regola di fair-play durante il gioco.",GPT,0.3231813443076923,0.26313567769230767,0.4136829873846154,0.1269568520421237,0.1375126849883082,0.15876202328270853,0.16691261182342562,0.19805623941826975,0.22826875497670787,0.28652764780168305,0.3321522898778208
quando e nato il tennis,Il tennis è nato nel XII secolo in Francia.,GPT,0.2212494925,0.2046997625,0.574050755,0.12900211710505255,0.13976702932470864,0.15968558978779038,0.16910994459561832,0.19737151129362174,0.23045538543702343,0.28138681509848257,0.3293736588333943
quanti esemplari di leopardo delle nevi sono rimasti,"Mi dispiace, non ho questa informazione aggiornata. Ti consiglio di verificare presso fonti affidabili dedicate alla conservazione di questa specie.",GPT,0.3481413375,0.29609185875,0.35576681,0.1200175075737664,0.13426353033581198,0.14983743430498636,0.1690015243773118,0.20366165658405788,0.22387988063962153,0.3079560597769468,0.3417818708436648
quanti esemplari rimangono di leopardo delle nevi,"Mi dispiace, non ho informazioni aggiornate sul numero esatto di leopardi delle nevi rimasti. Ti consiglio di consultare fonti affidabili come IUCN per le informazioni più recenti sulla popolazione di questa specie minacciata.",GPT,0.30970310535714285,0.3417147457142858,0.34858214678571425,0.12193009596710523,0.13630376960206075,0.15090904886436918,0.16933341440666866,0.20346865850651494,0.2267684969587945,0.2954959431034156,0.33940058136452134
quanti giocatori ci sono in ogni squadra di basket,In una squadra di basket ci sono generalmente 12 giocatori.,GPT,0.2992220425,0.27104799500000004,0.429729935,0.13426927107135936,0.1394618064826811,0.16475061562311005,0.1693330575889356,0.19596985815873136,0.2259668542581494,0.26988137823306085,0.3194791920639751
quanti sono i fantasmi delle montagne,"Mi dispiace, non sono in grado di rispondere a domande sulla quantità esatta di fantasmi nelle montagne in quanto non esiste un modo certo per determinarlo. Posso aiutarti con qualcos'altro?",GPT,0.3378076555555556,0.3718636844444444,0.29032867166666665,0.12078797823480747,0.13501791638898808,0.15533720461835415,0.16927661041683112,0.202280144042212,0.2365219211871017,0.3002983380198174,0.3398275380697662
tre animal a rischio estinzione,"1. L'elefante africano
2. La tigre siberiana
3. La tartaruga tricheco",GPT,0.202730296,0.300517887,0.49675183600000006,0.12811465899304597,0.14165488537321477,0.156528173283657,0.17682199043887167,0.20951388470730653,0.22875846383505824,0.26602829266727684,0.3104779639817742
trova tre animali a rischio di estinzione,"1. Lupo appenninico
2. Rondine montana
3. Tartaruga caretta caretta",GPT,0.17475949666666665,0.46331733333333336,0.36192319,0.1285545142447839,0.13830032668097997,0.15860679325910043,0.17728938623616952,0.20799296394506692,0.23083671265404154,0.25811202658553806,0.3187300528961671
velociraptor dove e quando e vissuto,"Il Velociraptor è vissuto nel periodo Cretaceo, circa 75-71 milioni di anni fa. Sono stati scoperti resti di Velociraptor in Mongolia.",GPT,0.2610014125,0.35353017000000003,0.38546841,0.12420669171060057,0.1332540719820368,0.1515298922643242,0.15652988401139056,0.1988067271496997,0.23969871817068375,0.29725612498907783,0.3651313394357842
esemplari fantasma delle montagne,"Mi dispiace, ma non ho informazioni sugli ""esemplari fantasma delle montagne"". Posso aiutarti con qualcos'altro?",GPT,0.21334975799999997,0.33911157999999997,0.44753866200000003,0.11812804215450766,0.1362367193893545,0.15944404082032615,0.1693029729618672,0.21237526829935016,0.23496478210855518,0.287167619281165,0.3538737186321028
leopardo delle nevi,"Il leopardo delle nevi è un felino selvatico caratterizzato dal suo manto bianco e macchie nere, che abita le regioni montuose dell'Asia centrale. È noto anche come irbis o pantera delle nevi ed è considerato una specie minacciata a causa della caccia e della distruzione del suo habitat.",GPT,0.2835348259090909,0.3079003192727272,0.4085648495454545,0.12346869230163927,0.13844064593414387,0.15408099435754086,0.17233801157720022,0.20864467272675963,0.23183860606699597,0.28004187426752974,0.3203879315565442
leopardo delle nevi classificazione,Il leopardo delle nevi viene classificato con il nome scientifico di Panthera uncia. È un felino appartenente alla famiglia dei Felidi e vive nelle regioni montuose dell'Asia centrale.,GPT,0.2358532025,0.3261187741666667,0.43802805083333335,0.12527301417708753,0.13742428448652683,0.15281304593802103,0.17106845433726672,0.20206957022074498,0.2335242055255776,0.2801232149267032,0.3206030186304633
altri nomi del tornado,"1. Tromba d'aria
2. Vortice
3. Spinotto
4. Turbine
5. Ciclone atmosferico",GPT,0.31477463666666666,0.31677860166666666,0.36844676666666665,0.12507014378722145,0.13796542761497702,0.157656201835199,0.1689391531021213,0.21022660154440811,0.2351171649682943,0.26732343794281127,0.33131216001191344
animali a rischio di estinzione,"Gli animali a rischio di estinzione includono il panda gigante, la tigre siberiana, l'orango e il rinoceronte di Sumatra. È importante proteggere queste specie per garantire la biodiversità del nostro pianeta.",GPT,0.29319220437500004,0.2304608040625,0.476347003125,0.12332662038097253,0.13758962907132674,0.15144362525923583,0.17209256484423427,0.2057003300863959,0.2320377882074846,0.28244407945578354,0.3239904271105274
azioni per evitare estinzione degli animali,"Per evitare l'estinzione degli animali, possiamo adottare le seguenti misure:

1. Proteggere gli habitat naturali: preservare foreste, oceani e altri spazi vitali per gli animali.
2. Combattere il bracconaggio: attuare leggi più severe e controlli più efficaci.
3. Ridurre l'inquinamento: limitare l'emissione di gas serra e plastica nell'ambiente.
4. Promuovere la conservazione: sensibilizzare l'opinione pubblica sull'importanza della protezione degli animali.
5. Supportare la ricerca scientifica: studiare e monitorare le popolazioni animali per adottare misure di salvaguardia adeguate.",GPT,0.2907544677659574,0.23092977212765958,0.4783157629787234,0.12161132764975266,0.13511698520359078,0.15008056002174983,0.17219281058836666,0.20516007858616178,0.2354235248659398,0.29024605985317936,0.3305879428086757
che velcitÃ  puÃ² raggiungere un tornado,"I tornado possono raggiungere velocità estreme, in genere comprese tra i 100 e i 300 miglia all'ora (160-480 chilometri all'ora), ma alcuni casi estremi possono superare i 300 miglia all'ora. La velocità di un tornado dipende dalle condizioni atmosferiche e dalle caratteristiche specifiche del vortice.",GPT,0.36062644,0.29765297,0.34172058631578944,0.12146574731480791,0.13521583786828315,0.15529956998861483,0.16937895352084986,0.20797626863916274,0.23721125638534998,0.2813726853393843,0.33860677487945307
come aiutare gli animali in via di estinzion^?,"Per aiutare gli animali in via di estinzione, possiamo adottare pratiche di consumo sostenibile, proteggere gli habitat naturali, sensibilizzare sul tema della conservazione e sostenere progetti di ricerca e protezione delle specie a rischio. È importante agire in modo responsabile per preservare la biodiversità del nostro pianeta.",GPT,0.28988893079999994,0.19727266816000003,0.512838416,0.12098829556816161,0.13459530264360645,0.14990130760353582,0.1698270785994855,0.2056456984368673,0.23427267901855062,0.29499577428589424,0.3359385675006843
come aiutare gli animali in via di estinzione?,"Per aiutare gli animali in via di estinzione possiamo adottare comportamenti responsabili come ridurre l'inquinamento, preservare gli habitat naturali, sostenere le organizzazioni che si occupano della tutela degli animali e sensibilizzare l'opinione pubblica sull'importanza della conservazione della biodiversità. È fondamentale agire con tempestività e determinazione per salvaguardare le specie a rischio.",GPT,0.3226973486666667,0.21137600946666665,0.4659266463333333,0.12150229356027877,0.13571111260246715,0.14914660132928587,0.1714768746616771,0.20554896416824506,0.23588208312807077,0.2942931857980152,0.33293469061574105
come aiutare le specie in estinzione,"Per aiutare le specie in estinzione possiamo adottare diverse misure, tra cui:

1. Proteggere l'habitat naturale delle specie in pericolo
2. Combattere il bracconaggio e il commercio illegale di specie protette
3. Sensibilizzare l'opinione pubblica sull'importanza della conservazione della biodiversità
4. Promuovere la ricerca scientifica sulle specie minacciate
5. Collaborare a livello internazionale per implementare strategie di conservazione efficaci.",GPT,0.31648218787878785,0.2110584808787879,0.47245933181818184,0.12100101654094175,0.13617906228465845,0.15024017411843907,0.17271988134213534,0.20577435417354423,0.23438673311992486,0.29334862804887457,0.3338298092421977
come aiutare le specie in estinzione focus,"Per aiutare le specie in via d'estinzione possiamo concentrarci su diverse azioni focalizzate:

1. Proteggere l'habitat naturale delle specie in pericolo, limitando la distruzione delle foreste, delle barriere coralline e di altri ecosistemi cruciali.
2. Combattere il bracconaggio e il traffico illegale di animali selvatici.
3. Promuovere la conservazione attiva attraverso programmi di ripopolamento e reintroduzione.
4. Sensibilizzare l'opinione pubblica sull'importanza della biodiversità e dell'ecosistema per la sopravvivenza delle specie.
5. Collaborare a livello internazionale per adottare politiche e accordi per la protezione delle specie in pericolo.

Queste azioni richiedono impegno e coordinazione a livello globale per garantire la sopravvivenza delle specie in via d'estinzione.",GPT,0.3117147134,0.22078698148,0.4674983172,0.12154962620865244,0.1366695183106968,0.15061006860843082,0.17235742031125872,0.20680866839215586,0.23362491996994839,0.29170059990784164,0.33407474833353534
come possiamo aiutare le specie in pericolo,"Ci sono diversi modi per aiutare le specie in pericolo. Ecco alcune azioni che possiamo intraprendere:

1. Proteggere gli habitat naturali: Conservare e ripristinare gli habitat naturali delle specie in pericolo è fondamentale per garantire il loro benessere e la loro sopravvivenza.

2. Ridurre l'inquinamento: Ridurre l'inquinamento atmosferico, idrico e del suolo è essenziale per proteggere le specie vulnerabili e i loro ecosistemi.

3. Combattere il bracconaggio e il traffico illegale di specie selvatiche: È importante sensibilizzare sull'illegalità di queste pratiche e promuovere la conservazione responsabile della fauna selvatica.

4. Promuovere la ricerca e la conservazione delle specie in pericolo: Sostenere finanziariamente la ricerca scientifica e le iniziative di conservazione può contribuire a preservare le specie a rischio di estinzione.

5. Coinvolgere la comunità locale: Valorizzare la partecipazione attiva della comunità locale nella protezione delle specie in pericolo può favorire una gestione sostenibile delle risorse naturali.

Spero che queste proposte possano essere utili per contribuire alla salvaguardia delle specie in pericolo.",GPT,0.309964862037037,0.20886702799999998,0.4811681225308643,0.1205691939495086,0.13575356681764472,0.15018492414668763,0.16970329958232422,0.20725102090264558,0.2336087830238465,0.29386491899424694,0.33704570002645146
come possiamo salvare gli animali quasi estinti,"Per salvare gli animali quasi estinti possiamo adottare varie misure, tra cui:

1. Proteggere l'habitat naturale degli animali e creare riserve protette.
2. Combattere il bracconaggio e il traffico illegale di animali.
3. Promuovere la sensibilizzazione e l'educazione ambientale.
4. Favorire la riproduzione controllata in cattività.
5. Collaborare a livello internazionale per implementare programmi di conservazione.
6. Monitorare costantemente le popolazioni degli animali a rischio e intervenire tempestivamente.

Con l'implementazione di queste e altre azioni, possiamo contribuire a proteggere e preservare la biodiversità della nostra terra.",GPT,0.28378092535714283,0.23422487390476193,0.48199420642857144,0.1213995459898217,0.13477847437003038,0.14868634776326764,0.1727898525254845,0.20483906514830694,0.2387840238882505,0.28564470040994183,0.32757333885427364
come si forma un tornado,"Un tornado si forma quando un'ampia area di aria calda e umida si scontra con un'area di aria fredda e secca. Questo contrasto provoca un vortice d'aria che inizia a ruotare verticalmente, formando una colonna di aria in rotazione. Se le condizioni sono favorevoli, questa colonna di aria può diventare sempre più intensa e creare un tornado.",GPT,0.3263058028571429,0.33933747678571435,0.33435672107142855,0.12413387152165857,0.13842200138242305,0.15829708479365717,0.1679417210392358,0.20804963461155435,0.23323758211053278,0.2803154415514054,0.33538769892622294
la classificazione del leopardo delle nevi,"Il leopardo delle nevi (Panthera uncia) è una specie di felino appartenente alla famiglia dei Felidi e alla sottospecie uncia della panthera. È classificato come ""Vulnerabile"" sulla lista rossa delle specie minacciate IUCN a causa della perdita del suo habitat naturale e della caccia illegale.",GPT,0.28352209725,0.318668846875,0.39780906812499994,0.12275166771614503,0.1394769204515067,0.1544525779354085,0.17335930137234418,0.20581068682926648,0.234513055119077,0.2848838292091437,0.32769566833455976
mostro nero,"Mi dispiace, posso aiutarti con qualcos'altro?",GPT,0.19018661,0.69851185,0.11130157,0.0,0.0,0.0,0.0,0.0,0.0,0.0,0.0
qual Ã¨ il vulcano attivo piÃ¹ antico,"Il vulcano attivo più antico è l'Etna, situato in Sicilia, Italia.",GPT,0.2983387042857143,0.24708855285714287,0.45457274285714294,0.12340078422294956,0.13716221024100766,0.15116131017013207,0.1731005470454327,0.20659831453044583,0.2337564600853453,0.27398622025511965,0.3169959873914834
quale tipologia di eruzione provoca piÃ¹ danni?,"Le eruzioni vulcaniche di tipo esplosivo provocano generalmente più danni rispetto a quelle di tipo effusivo. Questo perché le eruzioni esplosive sono caratterizzate da un magma più viscoso e ricco di gas, che porta all'accumulo di pressione all'interno del vulcano e a violenti sciami di gas, cenere e lapilli. Questi eventi possono causare esplosioni violente, flussi piroclastici, colate di fango e nubi ardenti che rappresentano gravi minacce per le aree circostanti.",GPT,0.292949156060606,0.30360712666666667,0.4034437190909091,0.12207924404433418,0.1400568987401235,0.15542851264936103,0.16822909788351764,0.20672748061558363,0.23455539610684248,0.28762732968902244,0.32547807694549735
quali animali sono in via di estinzione,"Attualmente molti animali sono in via di estinzione, tra cui il rinoceronte nero, la tigre siberiana, l'orso polare, l'elefante africano, il gorilla di montagna e la tartaruga marina. È importante adottare misure di protezione e conservazione per preservare queste specie.",GPT,0.27263265947368415,0.23832387973684208,0.489043472631579,0.12465712251553644,0.13821857866927234,0.15334289096443082,0.1738912291773808,0.20775852875564516,0.232318817558507,0.2787497392825634,0.3194828495110713
quali sono gli esemplari rimasti di fantasma ...,"Mi dispiace, non posso rispondere a questa domanda in quanto riguarda argomenti non reali. Posso aiutarti con altre domande?",GPT,0.30530854444444444,0.4007537944444445,0.29393766,0.119561610125187,0.13136346558752207,0.15575982456227164,0.1699597332639239,0.20009587537397108,0.23468609474851454,0.30686476068019813,0.34713639913996186
quando Ã¨ avvenuto il mostro nero,"Mi dispiace, non ho informazioni su un ""mostro nero"". Posso aiutarti con qualcos'altro?",GPT,0.24017666,0.40970034749999995,0.3501230025,0.12149928890178917,0.14408061345659215,0.15035082298961452,0.17748094557703264,0.21080958264046884,0.24070594760412986,0.2913803872991871,0.314300558795562
quante specie di leopardi delle nevi esistono,Attualmente sono riconosciute due specie di leopardi delle nevi: il classico leopardo delle nevi (Panthera uncia) e il leopardo delle nevi dell'Europa orientale (Panthera uncia irbis).,GPT,0.23733773400000002,0.320182944,0.442479346,0.1239906269140947,0.13813634913624898,0.1517257425783429,0.17522034475314321,0.2074644593260441,0.231026690506327,0.2746658690818207,0.3221842660044869
quanti esemplari sono rimasti di fantasma del...,"Mi dispiace, non posso fornire informazioni su numeri specifici di esemplari di oggetti o creature. Posso aiutarti con altre domande?",GPT,0.33623839272727274,0.2948860718181818,0.3688755509090909,0.1204256169873503,0.12923915581845674,0.14742920229944179,0.16866784380251648,0.19576361615401136,0.22396069986546077,0.30659960746680937,0.33160438961006977
quanti sono gli esemplari di leopardo delle nevi,Ci sono circa 4.000-6.500 esemplari di leopardo delle nevi rimasti in natura. Si tratta di una specie minacciata a causa della perdita del proprio habitat e della caccia illegale.,GPT,0.24833718969230764,0.3453224269230769,0.4063403930769231,0.12227601419742742,0.1391937051473578,0.15297179173010042,0.172532312886729,0.20809413056883871,0.23463552350427008,0.2903593046361904,0.3328094384699622
quanti sono gli esemplari rimasti di fantasma ...,"Mi dispiace, non posso rispondere a questa domanda in quanto non dispongo delle informazioni necessarie sui fantasmi.Posso aiutarti in altro modo?",GPT,0.26495858714285714,0.39934036714285714,0.33570103714285715,0.11852343968821975,0.1340773096482504,0.16083957810411337,0.16871595926126973,0.20074113895349327,0.23474781063146827,0.30229549205600764,0.34599051643337164
sinonimi del tornado,"alcuni sinonimi del tornado sono tromba d'aria, ciclone e vortice.",GPT,0.33478128833333337,0.3085264416666667,0.3566922483333333,0.12536260338963773,0.13981754107846298,0.15651167219807524,0.16818827117596374,0.21440491029588482,0.23387001183990005,0.26682732139441756,0.33633272092801914
tigre bianca,"La tigre bianca è una rara variante genetica della tigre reale (Panthera tigris), caratterizzata da una particolare colorazione del mantello causata da una mutazione genetica. Questi bellissimi felini sono spesso oggetto di ammirazione e curiosità per la loro singolare bellezza. Vive principalmente in India e in alcune parti del sud-est asiatico.",GPT,0.30151820791666667,0.241100561,0.45738123833333333,0.12641190652049772,0.13840702913961167,0.15472091633882432,0.17505146390279192,0.2047104607467354,0.23310887333904434,0.28141819855491723,0.3254146561573393
velocitÃ  massima del tornado,La velocità massima di un tornado può raggiungere velocità superiori ai 400 km/h.,GPT,0.3588735485714286,0.23381601571428573,0.4073104485714286,0.12219236181663864,0.13321155737257312,0.1589893214188694,0.16389016384453056,0.20548620277883478,0.23071224071217544,0.2797337518931625,0.3409984913750519
velocitÃ  massima di un tornado,La velocità massima di un tornado può raggiungere i 480 km/h.,GPT,0.33503711599999997,0.23504832000000003,0.429914564,0.12202488583458443,0.13211574618291036,0.1578748137682554,0.16489615499173277,0.20575260569510867,0.2310165490595809,0.27755646104881765,0.34279304212505574
3 animali in estinzione,"1. Lupo appenninico
2. Tartaruga caretta caretta
3. Orso bruno marsicano",GPT,0.31590060333333336,0.28617316666666665,0.3979262266666666,0.12814888258056925,0.1426623099238534,0.1595985225566263,0.1756118541112264,0.20910980568423015,0.2326288584106934,0.26333914974116324,0.3163520530315582
classificazione del leopardo delle nevi,"Il leopardo delle nevi (Panthera uncia) è classificato come specie vulnerabile secondo l'Unione Internazionale per la Conservazione della Natura (IUCN). Questo magnifico felino, abile nel muoversi tra le ripide montagne dell'Asia centrale, è minacciato dalla perdita del suo habitat naturale, dalla caccia illegale e dal cambiamento climatico. La sua protezione e conservazione sono cruciali per garantire la sopravvivenza di questa specie bellissima ma a rischio.",GPT,0.2899373026206896,0.23845551965517242,0.4716071755172414,0.1224182320386559,0.13568418274254518,0.15240006990164373,0.1717545685756737,0.20657231225363595,0.23111591618052113,0.2909886316387322,0.33194959306075117
classificazione leopardo delle nevi,"Il leopardo delle nevi è classificato come ""Panthera uncia"" all'interno della famiglia dei Felidi. È un felino di medie dimensioni diffuso nelle regioni montuose dell'Asia centrale e orientale. È considerato una specie vulnerabile a causa della perdita del suo habitat naturale e della caccia illegale.",GPT,0.2773181498,0.274824945,0.447856911,0.12238711332894284,0.1371424413389731,0.1542656392316443,0.17100393453639526,0.20709518074034067,0.2362421702507374,0.28549168352147336,0.32546623080211856
come aiutarele specie in estinzione,"Per aiutare le specie in via di estinzione possiamo seguire queste azioni importanti:

1. Proteggere e preservare gli habitat naturali delle specie in pericolo.
2. Combattere il bracconaggio e il traffico illegale di animali.
3. Promuovere la sensibilizzazione e l'educazione ambientale per aumentare la consapevolezza sulla conservazione della biodiversità.
4. Sostenere progetti di ripopolamento e reintroduzione delle specie in pericolo.
5. Ridurre l'inquinamento e i cambiamenti climatici che minacciano gli ecosistemi.
6. Collaborare a livello internazionale per garantire la protezione delle specie a livello globale.

Seguire queste misure può contribuire significativamente a proteggere e preservare le specie in via di estinzione.",GPT,0.32323877346938773,0.2094963788571429,0.46726486142857143,0.12124617060371935,0.1347359547750254,0.14938402935207734,0.17170755684961633,0.20634111378659828,0.23627739643422493,0.29157420662493766,0.3338512422996435
come possiamo aiutare le specie in estinzione,"Per aiutare le specie in via d'estinzione possiamo adottare diverse azioni:

1. Proteggere gli habitat naturali delle specie, garantendo la preservazione degli ecosistemi.
2. Contrastare il bracconaggio e il commercio illegale di animali selvatici.
3. Promuovere la sensibilizzazione e l'Educazione ambientale per aumentare la consapevolezza sull'importanza della biodiversità.
4. Sostenere la ricerca scientifica per monitorare le popolazioni delle specie a rischio.
5. Collaborare a livello internazionale per adottare politiche di conservazione condivise.

Quali altre strategie suggeriresti per proteggere le specie in via d'estinzione?",GPT,0.3033967188461539,0.22116852228205128,0.47543477410256413,0.12149225716964061,0.1352408008786122,0.14936522545404063,0.17298140303205156,0.2052289776591035,0.23572772867091007,0.29296310123864994,0.3319222809244925
come si chiama Monica,Il nome di Monica è Monica.,GPT,0.48979947333333335,0.21374544666666664,0.29645511333333335,0.12364926101831006,0.14101383024990546,0.15731126651175162,0.16743797694241125,0.19620398538757766,0.2285444497629222,0.302087366976069,0.3407496474570651
come si formano i vulcani?,"I vulcani si formano quando il magma fuso proveniente dal mantello terrestre sale in superficie attraverso fessure nella crosta terrestre e si accumula formando una camera magmatica. Quando la pressione diventa sufficientemente alta, il magma erutta attraverso il cratere del vulcano, dando luogo a eruzioni vulcaniche. Questo processo di eruzione e raffreddamento del magma forma man mano il cono vulcanico.",GPT,0.3097038610344827,0.23822874620689655,0.4520673817241379,0.12465960946112278,0.13885624404373287,0.15718117512949592,0.17276745409173255,0.20664819799847192,0.23307480590092278,0.2739862082683392,0.32358449305316117
come si trovano i vulcani?,"Per trovare i vulcani, si possono seguire le attività vulcaniche e geologiche in determinate regioni, consultare mappe geologiche specializzate e osservare le caratteristiche del terreno e della vegetazione che circondano un'area vulcanica. Inoltre, le eruzioni vulcaniche passate e le indagini scientifiche possono fornire informazioni utili per individuare la presenza di vulcani attivi o spenti.",GPT,0.3022668666666667,0.25987459555555553,0.43785855407407404,0.12098701519548304,0.13155082577032354,0.15338756500302791,0.16825241658699333,0.2036086969018111,0.22936113173536532,0.2960009809836769,0.3356174130168431
come viene classificato il leopardo delle nevi?,"Il leopardo delle nevi viene classificato come Panthera uncia, appartenente alla famiglia dei Felidi. È una specie vulnerabile a causa della perdita del suo habitat naturale e della caccia illegale.",GPT,0.26935414757142856,0.3489972135714286,0.38164865,0.12186986374091192,0.1377216885825134,0.15438764822912512,0.17117009902855707,0.20749735763213595,0.23761369549793804,0.28771369251317874,0.32779996733453187
cosa possiamo fare per aiutare le specie in es...,"Abbiamo diverse azioni che possiamo intraprendere per aiutare le specie in via di estinzione, tra cui:

1. Proteggere gli habitat naturali.
2. Combattere il bracconaggio e il traffico illegale di animali.
3. Promuovere la conservazione delle specie a rischio.
4. Ridurre l'inquinamento e il degrado ambientale.
5. Sensibilizzare l'opinione pubblica sull'importanza della biodiversità.
6. Supportare progetti di ricerca e ripopolamento.

È importante agire rapidamente e in modo concreto per salvaguardare la varietà biologica del nostro pianeta.",GPT,0.28748032999999995,0.2190823592777778,0.49343731555555564,0.12077966013389206,0.13568158066054806,0.15031645200431862,0.17174214418264144,0.2052041923670945,0.2361368855828102,0.28977495211807763,0.3325053129024451
sviluppo di un tornado e i suoi effetti,"I tornado si sviluppano da particolari condizioni atmosferiche che favoriscono la formazione di forti vortici di vento in rotazione. Questi vortici, noti anche come trombe d'aria, possono causare danni estesi alle strutture, abbattendo alberi, sollevando oggetti e danneggiando le abitazioni. Gli effetti di un tornado includono la distruzione di edifici, il rischio per la vita umana e la creazione di un percorso di devastazione lungo la traiettoria del vortice. È importante monitorare attentamente i bollettini meteorologici e seguire le indicazioni delle autorità per proteggersi in caso di avviso di tornado.",GPT,0.29116934035714287,0.25630170585714285,0.4525289526190477,0.12209994059390154,0.13704940530625284,0.15480881770009966,0.1690149848197646,0.20857225102671334,0.23283003837720598,0.2853493554941929,0.3411119634260066
tipo di eruzione piÃ¹ dannoso,"Le eruzioni vulcaniche di tipo esplosivo sono generalmente le più dannose in quanto possono causare violenti sciami piroclastici, colate piroclastiche, nubi ardenti e rilascio di grandi quantità di ceneri vulcaniche nell'atmosfera. Un esempio di eruzione vulcanica di tipo esplosivo è quella del vulcano Vesuvio nel 79 d.C. che distrusse completamente le città di Pompei ed Ercolano.",GPT,0.3091595886363636,0.2696233495454546,0.42121706499999995,0.12372379869847949,0.13689526005629402,0.15592081910352412,0.16774045309415492,0.20667691630195165,0.2340659625747969,0.2809215729653357,0.3290077177448585
tornado,"Mi dispiace, non ho capito cosa intendi con ""tornado"". Posso offrirti informazioni su tornado o hai bisogno di aiuto con qualcos'altro? Fammi sapere in che modo posso essere d'aiuto.",GPT,0.24435420399999996,0.4486524599999999,0.306993326,0.12368641011904122,0.13972076067132877,0.15684072354933953,0.1656478238042327,0.20758368258380203,0.23353144185178185,0.28444587824197626,0.33504012252613274
tornado mostro nero,"Il mostro nero arriva impetuoso come un tornado, pronto a seminare paura e distruzione. Le sue ombre avvolgono ogni cosa, creando un velo di terrore che solo il coraggio più genuino può dissipare. Ma ricorda, anche il mostro più terrificante ha un punto debole, basta saperlo trovare.",GPT,0.3011392880952381,0.2853230476190476,0.41353766,0.12222077077119288,0.14117714778284043,0.15274337576120672,0.17287141127425965,0.21254989521172155,0.2389257839221882,0.2896584985165091,0.3276773896747212
tornado veloce,"Un tornado veloce può essere estremamente pericoloso e distruttivo. Le loro velocità possono superare i 400 km/h, causando danni ingenti. È importante prendere sul serio gli avvisi di tempesta e seguire tutte le misure di sicurezza consigliate per proteggersi.",GPT,0.34049271761904765,0.2743507376190476,0.3851565533333334,0.12127103323191009,0.13487737307747433,0.15265442153261902,0.1697376579493771,0.20587057018429938,0.23756094254491028,0.28581435930646676,0.32752570611779314
tornado velocita,"La velocità di un tornado può raggiungere valori estremi, fino a diverse centinaia di chilometri orari. I tornado più potenti possono superare i 400 km/h, causando distruttività su vasta scala.",GPT,0.28773447428571425,0.31402082857142855,0.3982447021428571,0.12141617431571348,0.1327450080813678,0.15660843888031117,0.16649986536310468,0.20681132625728227,0.2335596130502304,0.27881791452218757,0.33970904972329374
tornado velocita mostro nero,"La velocità del tornado dipende da diversi fattori, tra cui la differenza di pressione atmosferica e la temperatura dell'aria circostante. Un mostro nero potrebbe essere spaventoso, ma non influenzerebbe la velocità del tornado.",GPT,0.32650612142857144,0.3077190807142857,0.3657747857142857,0.12180476908223146,0.13792968225940455,0.1543202337241929,0.17027970703090517,0.2122178617860295,0.23491691652764937,0.282666172739772,0.3309235751918192
velocita tornado,"La velocità di un tornado può raggiungere valori estremamente elevati, comunemente compresi tra i 100 e i 300 miglia all'ora. La velocità massima registrata è stata di oltre 300 miglia all'ora.",GPT,0.40568317600000003,0.260122758,0.33419405599999996,0.12168749690625928,0.12990966696325942,0.1556385917139957,0.1669102194308046,0.20628840787632277,0.2316288264785054,0.27318751160602667,0.346382831811572
vulcani tipologia di eruzioni danni,"I vulcani possono eruttare in varie tipologie di eruzioni, tra cui eruzioni effusive che producono lave fluide, eruzioni esplosive che generano cenere vulcanica e blocchi di lava, eruzioni freato-magmatiche che coinvolgono l'interazione tra magma e acqua sotterranea. Queste eruzioni possono causare danni come la distruzione di infrastrutture, l'emissione di gas tossici, la formazione di colate piroclastiche.",GPT,0.26235303428571427,0.25231825700000005,0.4853287171428572,0.1231372157905593,0.1373536198129786,0.15299871042709734,0.17049046239367036,0.20660165066645364,0.233289482019952,0.27817252456634617,0.3275666332215717
vulcano attivo antico,"Il vulcano attivo antico potrebbe essere il Monte Etna in Sicilia, Italia. Ha un'attività vulcanica ancora in corso ed è uno dei vulcani più attivi al mondo. Conosciuto anche come Mongibello, il Monte Etna è un'icona della geologia italiana e un importante sito turistico.",GPT,0.2915490184210526,0.21925110789473684,0.48919988157894734,0.1237284142820985,0.13680499294732046,0.15550266992147393,0.17049654186504942,0.2020222516516362,0.22932970034961048,0.2825910404691879,0.32918479462109834
vulcano piÃ¹ antico attivo,Il vulcano più antico attivo al mondo si trova in Italia ed è il Vesuvio.,GPT,0.33069607333333334,0.24061844166666665,0.428685485,0.12340078422294956,0.13716221024100766,0.15116131017013207,0.1731005470454327,0.20659831453044583,0.2337564600853453,0.27398622025511965,0.3169959873914834
